what,kind,bundleId,bundleVersion,description,time
activated,workbench,org.eclipse.ui.workbench,3.7.0.I20110519-0100,"",1331289030780
deactivated,workbench,org.eclipse.ui.workbench,3.7.0.I20110519-0100,"",1331289059964
activated,workbench,org.eclipse.ui.workbench,3.7.0.I20110519-0100,"",1331289060004
deactivated,workbench,org.eclipse.ui.workbench,3.7.0.I20110519-0100,"",1331289063695
activated,workbench,org.eclipse.ui.workbench,3.7.0.I20110519-0100,"",1331289065974
closed,workbench,org.eclipse.ui.workbench,3.7.0.I20110519-0100,"",1331289074071
started,bundle,org.eclipse.compare.core,3.5.200.I20110208-0800,"org.eclipse.compare.core",1331289074487
started,bundle,org.eclipse.compare,3.5.201.R37x_v20110817-0800,"org.eclipse.compare",1331289074491
stopped,bundle,org.eclipse.m2e.logback.configuration,1.0.100.20110804-1717,"org.eclipse.m2e.logback.configuration",1331289074636
stopped,bundle,org.eclipse.m2e.discovery,1.0.100.20110804-1717,"org.eclipse.m2e.discovery",1331289074640
stopped,bundle,org.eclipse.m2e.refactoring,1.0.100.20110804-1717,"org.eclipse.m2e.refactoring",1331289074641
stopped,bundle,org.eclipse.m2e.editor,1.0.100.20110804-1717,"org.eclipse.m2e.editor",1331289074641
stopped,bundle,org.eclipse.m2e.editor.xml,1.0.100.20110804-1717,"org.eclipse.m2e.editor.xml",1331289074642
stopped,bundle,org.eclipse.m2e.jdt,1.0.100.20110804-1717,"org.eclipse.m2e.jdt",1331289074643
stopped,bundle,org.eclipse.m2e.launching,1.0.100.20110804-1717,"org.eclipse.m2e.launching",1331289074644
stopped,bundle,org.eclipse.m2e.usagedata,1.0.100.20110804-1717,"org.eclipse.m2e.usagedata",1331289074644
stopped,bundle,com.android.ide.eclipse.adt,12.0.0.v201106281929-138431,"com.android.ide.eclipse.adt",1331289074644
stopped,bundle,org.eclipse.ui.cheatsheets,3.4.100.v20110425,"org.eclipse.ui.cheatsheets",1331289074645
stopped,bundle,org.eclipse.help.ui,3.5.101.r37_20110819,"org.eclipse.help.ui",1331289074647
stopped,bundle,org.eclipse.help.webapp,3.6.0.v20110518,"org.eclipse.help.webapp",1331289074648
stopped,bundle,org.eclipse.epp.mpc.ui,1.1.1.I20110907-0947,"org.eclipse.epp.mpc.ui",1331289074648
stopped,bundle,org.eclipse.epp.usagedata.ui,1.3.1.R201106061540,"org.eclipse.epp.usagedata.ui",1331289074649
stopped,bundle,org.eclipse.ui.intro.universal,3.2.500.v20110510,"org.eclipse.ui.intro.universal",1331289074649
stopped,bundle,org.eclipse.ui.intro,3.4.100.v20110425,"org.eclipse.ui.intro",1331289074649
stopped,bundle,org.eclipse.help.base,3.6.1.v201109091335,"org.eclipse.help.base",1331289074652
stopped,bundle,org.eclipse.equinox.http.jetty,2.0.100.v20110502,"org.eclipse.equinox.http.jetty",1331289074653
stopped,bundle,org.eclipse.m2e.core.ui,1.0.100.20110804-1717,"org.eclipse.m2e.core.ui",1331289074655
stopped,bundle,org.eclipse.m2e.core,1.0.100.20110804-1717,"org.eclipse.m2e.core",1331289074656
stopped,bundle,org.eclipse.mylyn.ide.ant,3.6.0.v20110608-1400,"org.eclipse.mylyn.ide.ant",1331289074656
stopped,bundle,org.eclipse.ant.ui,3.5.100.v20110510,"org.eclipse.ant.ui",1331289074658
stopped,bundle,org.eclipse.ant.launching,1.0.100.v20110506,"org.eclipse.ant.launching",1331289074658
stopped,bundle,org.eclipse.egit.mylyn.ui,1.1.0.201109151100-r,"org.eclipse.egit.mylyn.ui",1331289074659
stopped,bundle,org.eclipse.egit.ui,1.1.0.201109151100-r,"org.eclipse.egit.ui",1331289074661
stopped,bundle,org.eclipse.equinox.p2.ui.sdk,1.0.200.v20110502-1955,"org.eclipse.equinox.p2.ui.sdk",1331289074662
stopped,bundle,org.eclipse.mylyn.java.tasks,3.6.0.v20110608-1400,"org.eclipse.mylyn.java.tasks",1331289074662
stopped,bundle,org.eclipse.mylyn.java.ui,3.6.0.v20110608-1400,"org.eclipse.mylyn.java.ui",1331289074663
stopped,bundle,org.eclipse.jdt.junit,3.7.0.v20110505-0800,"org.eclipse.jdt.junit",1331289074664
stopped,bundle,org.eclipse.jdt.apt.ui,3.3.300.v20110305-1450,"org.eclipse.jdt.apt.ui",1331289074665
stopped,bundle,org.eclipse.jdt.debug.ui,3.6.1.v20110803_r371,"org.eclipse.jdt.debug.ui",1331289074667
stopped,bundle,org.eclipse.wb.swing.databinding,1.1.0.r37x201109091143,"org.eclipse.wb.swing.databinding",1331289074668
stopped,bundle,org.eclipse.wb.core.databinding,1.1.0.r37x201109091012,"org.eclipse.wb.core.databinding",1331289074669
stopped,bundle,org.eclipse.wb.swing.FormLayout,1.1.0.r37x201109091143,"org.eclipse.wb.swing.FormLayout",1331289074670
stopped,bundle,org.eclipse.wb.swing.MigLayout,1.1.0.r37x201109091143,"org.eclipse.wb.swing.MigLayout",1331289074671
stopped,bundle,org.eclipse.wb.swing.java6,1.1.0.r37x201109091143,"org.eclipse.wb.swing.java6",1331289074672
stopped,bundle,org.eclipse.wb.swing.jsr296,1.1.0.r37x201109091143,"org.eclipse.wb.swing.jsr296",1331289074672
stopped,bundle,org.eclipse.wb.swing,1.1.0.r37x201109091143,"org.eclipse.wb.swing",1331289074685
stopped,bundle,org.eclipse.wb.core.ui,1.1.0.r37x201109091028,"org.eclipse.wb.core.ui",1331289074686
stopped,bundle,org.eclipse.wb.layout.group,1.1.0.r37x201109091112,"org.eclipse.wb.layout.group",1331289074689
stopped,bundle,org.eclipse.wb.os.macosx,1.1.0.r37x201109091012,"org.eclipse.wb.os.macosx",1331289074694
activated,perspective,org.eclipse.jdt.ui,,"org.eclipse.jdt.ui.JavaPerspective",1331731557341
started,bundle,org.eclipse.osgi,3.7.1.R37x_v20110808-1106,"org.eclipse.osgi",1331731557342
started,bundle,org.eclipse.equinox.simpleconfigurator,1.0.200.v20110502-1955,"org.eclipse.equinox.simpleconfigurator",1331731557345
started,bundle,com.ibm.icu,4.4.2.v20110208,"com.ibm.icu",1331731557345
started,bundle,org.eclipse.core.contenttype,3.4.100.v20110423-0524,"org.eclipse.core.contenttype",1331731557347
started,bundle,org.eclipse.core.databinding.observable,1.4.0.I20110222-0800,"org.eclipse.core.databinding.observable",1331731557350
started,bundle,org.eclipse.core.expressions,3.4.300.v20110228,"org.eclipse.core.expressions",1331731557351
started,bundle,org.eclipse.core.filebuffers,3.5.200.v20110505-0800,"org.eclipse.core.filebuffers",1331731557352
started,bundle,org.eclipse.core.filesystem,1.3.100.v20110423-0524,"org.eclipse.core.filesystem",1331731557354
started,bundle,org.eclipse.core.jobs,3.5.100.v20110404,"org.eclipse.core.jobs",1331731557356
started,bundle,org.eclipse.core.net,1.2.100.I20110511-0800,"org.eclipse.core.net",1331731557359
started,bundle,org.eclipse.core.resources,3.7.100.v20110510-0712,"org.eclipse.core.resources",1331731557360
started,bundle,org.eclipse.core.runtime,3.7.0.v20110110,"org.eclipse.core.runtime",1331731557363
started,bundle,org.eclipse.core.runtime.compatibility,3.2.100.v20100505,"org.eclipse.core.runtime.compatibility",1331731557364
started,bundle,org.eclipse.core.runtime.compatibility.auth,3.2.200.v20110110,"org.eclipse.core.runtime.compatibility.auth",1331731557366
started,bundle,org.eclipse.epp.mpc.ui,1.1.1.I20110907-0947,"org.eclipse.epp.mpc.ui",1331731557369
started,bundle,org.eclipse.epp.usagedata.gathering,1.3.1.R201106061540,"org.eclipse.epp.usagedata.gathering",1331731557370
started,bundle,org.eclipse.epp.usagedata.recording,1.3.1.R201106061540,"org.eclipse.epp.usagedata.recording",1331731557373
started,bundle,org.eclipse.equinox.app,1.3.100.v20110321,"org.eclipse.equinox.app",1331731557374
started,bundle,org.eclipse.equinox.common,3.6.0.v20110523,"org.eclipse.equinox.common",1331731557375
started,bundle,org.eclipse.equinox.ds,1.3.1.R37x_v20110701,"org.eclipse.equinox.ds",1331731557376
started,bundle,org.eclipse.equinox.event,1.2.100.v20110502,"org.eclipse.equinox.event",1331731557377
started,bundle,org.eclipse.equinox.p2.core,2.1.0.v20110502-1955,"org.eclipse.equinox.p2.core",1331731557378
started,bundle,org.eclipse.equinox.p2.directorywatcher,1.0.300.v20110502-1955,"org.eclipse.equinox.p2.directorywatcher",1331731557379
started,bundle,org.eclipse.equinox.p2.engine,2.1.0.v20110511,"org.eclipse.equinox.p2.engine",1331731557381
started,bundle,org.eclipse.equinox.p2.metadata,2.1.0.v20110510,"org.eclipse.equinox.p2.metadata",1331731557384
started,bundle,org.eclipse.equinox.p2.metadata.repository,1.2.0.v20110511-1359,"org.eclipse.equinox.p2.metadata.repository",1331731557385
started,bundle,org.eclipse.equinox.p2.operations,2.1.0.v20110511-1821,"org.eclipse.equinox.p2.operations",1331731557386
started,bundle,org.eclipse.equinox.p2.reconciler.dropins,1.1.100.v20110510,"org.eclipse.equinox.p2.reconciler.dropins",1331731557387
started,bundle,org.eclipse.equinox.p2.repository,2.1.0.v20110601,"org.eclipse.equinox.p2.repository",1331731557389
started,bundle,org.eclipse.equinox.p2.ui.sdk.scheduler,1.0.100.v20110502-1955,"org.eclipse.equinox.p2.ui.sdk.scheduler",1331731557390
started,bundle,org.eclipse.equinox.p2.updatechecker,1.1.200.v20110502-1955,"org.eclipse.equinox.p2.updatechecker",1331731557391
started,bundle,org.eclipse.equinox.preferences,3.4.1.R37x_v20110725,"org.eclipse.equinox.preferences",1331731557392
started,bundle,org.eclipse.equinox.registry,3.5.101.R37x_v20110810-1611,"org.eclipse.equinox.registry",1331731557392
started,bundle,org.eclipse.equinox.security,1.1.1.R37x_v20110822-1018,"org.eclipse.equinox.security",1331731557394
started,bundle,org.eclipse.equinox.util,1.0.300.v20110502,"org.eclipse.equinox.util",1331731557394
started,bundle,org.eclipse.help,3.5.100.v20110426,"org.eclipse.help",1331731557396
started,bundle,org.eclipse.jdt.core,3.7.1.v_B76_R37x,"org.eclipse.jdt.core",1331731557396
started,bundle,org.eclipse.jdt.core.manipulation,1.4.0.v20110505-0800,"org.eclipse.jdt.core.manipulation",1331731557397
started,bundle,org.eclipse.jdt.ui,3.7.1.r371_v20110824-0800,"org.eclipse.jdt.ui",1331731557401
started,bundle,org.eclipse.jface,3.7.0.I20110522-1430,"org.eclipse.jface",1331731557402
started,bundle,org.eclipse.jsch.core,1.1.300.I20110514-0800,"org.eclipse.jsch.core",1331731557403
started,bundle,org.eclipse.ltk.core.refactoring,3.5.201.r371_v20110824-0800,"org.eclipse.ltk.core.refactoring",1331731557404
started,bundle,org.eclipse.ltk.ui.refactoring,3.6.0.v20110505-0800,"org.eclipse.ltk.ui.refactoring",1331731557406
started,bundle,org.eclipse.m2e.logback.configuration,1.0.100.20110804-1717,"org.eclipse.m2e.logback.configuration",1331731557407
started,bundle,org.eclipse.mylyn.bugzilla.core,3.6.2.v20110903-0100,"org.eclipse.mylyn.bugzilla.core",1331731557408
started,bundle,org.eclipse.mylyn.bugzilla.ui,3.6.0.v20110608-1400,"org.eclipse.mylyn.bugzilla.ui",1331731557410
started,bundle,org.eclipse.mylyn.commons.identity,0.8.0.v20110608-1400,"org.eclipse.mylyn.commons.identity",1331731557410
started,bundle,org.eclipse.mylyn.commons.net,3.6.0.v20110608-1400,"org.eclipse.mylyn.commons.net",1331731557411
started,bundle,org.eclipse.mylyn.commons.ui,3.6.1.v20110720-0100,"org.eclipse.mylyn.commons.ui",1331731557412
started,bundle,org.eclipse.mylyn.context.core,3.6.1.v20110720-0100,"org.eclipse.mylyn.context.core",1331731557413
started,bundle,org.eclipse.mylyn.context.ui,3.6.0.v20110608-1400,"org.eclipse.mylyn.context.ui",1331731557414
started,bundle,org.eclipse.mylyn.monitor.ui,3.6.0.v20110608-1400,"org.eclipse.mylyn.monitor.ui",1331731557415
started,bundle,org.eclipse.mylyn.tasks.ui,3.6.2.v20110826-0100,"org.eclipse.mylyn.tasks.ui",1331731557416
started,bundle,org.eclipse.mylyn.team.ui,3.6.1.v20110825-0100,"org.eclipse.mylyn.team.ui",1331731557417
started,bundle,org.eclipse.search,3.7.0.v20110505-0800,"org.eclipse.search",1331731557419
started,bundle,org.eclipse.team.core,3.6.0.I20110525-0800,"org.eclipse.team.core",1331731557419
started,bundle,org.eclipse.team.cvs.core,3.3.400.I20110510-0800,"org.eclipse.team.cvs.core",1331731557420
started,bundle,org.eclipse.team.cvs.ui,3.3.400.I20110510-0800,"org.eclipse.team.cvs.ui",1331731557423
started,bundle,org.eclipse.team.ui,3.6.100.I20110525-0800,"org.eclipse.team.ui",1331731557425
started,bundle,org.eclipse.ui,3.7.0.I20110602-0100,"org.eclipse.ui",1331731557427
started,bundle,org.eclipse.ui.console,3.5.100.v20110511,"org.eclipse.ui.console",1331731557429
started,bundle,org.eclipse.ui.editors,3.7.0.v20110517-0800,"org.eclipse.ui.editors",1331731557431
started,bundle,org.eclipse.ui.forms,3.5.100.v20110425,"org.eclipse.ui.forms",1331731557432
started,bundle,org.eclipse.ui.ide,3.7.0.v20110809-1737,"org.eclipse.ui.ide",1331731557433
started,bundle,org.eclipse.ui.intro,3.4.100.v20110425,"org.eclipse.ui.intro",1331731557434
started,bundle,org.eclipse.ui.intro.universal,3.2.500.v20110510,"org.eclipse.ui.intro.universal",1331731557434
started,bundle,org.eclipse.ui.net,1.2.100.I20110511-0800,"org.eclipse.ui.net",1331731557434
started,bundle,org.eclipse.ui.views,3.6.0.I20110412-0800,"org.eclipse.ui.views",1331731557435
started,bundle,org.eclipse.ui.workbench,3.7.0.I20110519-0100,"org.eclipse.ui.workbench",1331731557438
started,bundle,org.eclipse.ui.workbench.texteditor,3.7.0.v20110505-0800,"org.eclipse.ui.workbench.texteditor",1331731557440
started,bundle,org.eclipse.update.configurator,3.3.100.v20100512,"org.eclipse.update.configurator",1331731557441
started,bundle,org.eclipse.update.core,3.2.500.v20110330,"org.eclipse.update.core",1331731557452
started,bundle,org.eclipse.update.scheduler,3.2.300.v20100512,"org.eclipse.update.scheduler",1331731557454
started,bundle,org.eclipse.wb.discovery.core,1.1.0.r37x201109091028,"org.eclipse.wb.discovery.core",1331731557455
started,bundle,org.eclipse.wst.sse.core,1.1.601.v201108151912,"org.eclipse.wst.sse.core",1331731557456
started,bundle,com.android.ide.eclipse.adt,12.0.0.v201106281929-138431,"com.android.ide.eclipse.adt",1331731557457
started,bundle,com.android.ide.eclipse.ddms,12.0.0.v201106281929-138431,"com.android.ide.eclipse.ddms",1331731557458
started,bundle,com.android.ide.eclipse.traceview,12.0.0.v201106281929-138431,"com.android.ide.eclipse.traceview",1331731557458
os,sysinfo,,,"macosx",1331731557462
arch,sysinfo,,,"x86_64",1331731557462
ws,sysinfo,,,"cocoa",1331731557462
locale,sysinfo,,,"en_US",1331731557462
processors,sysinfo,,,"4",1331731557462
java.runtime.name,sysinfo,,,"Java(TM) SE Runtime Environment",1331731557462
java.runtime.version,sysinfo,,,"1.6.0_29-b11-402-11D50b",1331731557462
java.specification.name,sysinfo,,,"Java Platform API Specification",1331731557462
java.specification.vendor,sysinfo,,,"Sun Microsystems Inc.",1331731557462
java.specification.version,sysinfo,,,"1.6",1331731557462
java.vendor,sysinfo,,,"Apple Inc.",1331731557462
java.version,sysinfo,,,"1.6.0_29",1331731557462
java.vm.info,sysinfo,,,"mixed mode",1331731557462
java.vm.name,sysinfo,,,"Java HotSpot(TM) 64-Bit Server VM",1331731557462
java.vm.specification.name,sysinfo,,,"Java Virtual Machine Specification",1331731557462
java.vm.specification.vendor,sysinfo,,,"Sun Microsystems Inc.",1331731557462
java.vm.specification.version,sysinfo,,,"1.0",1331731557462
java.vm.vendor,sysinfo,,,"Apple Inc.",1331731557462
java.vm.version,sysinfo,,,"20.4-b02-402",1331731557462
started,bundle,org.eclipse.m2e.usagedata,1.0.100.20110804-1717,"org.eclipse.m2e.usagedata",1331731557467
started,bundle,org.eclipse.wb.discovery.ui,1.1.0.r37x201109091028,"org.eclipse.wb.discovery.ui",1331731558280
started,bundle,org.eclipse.epp.usagedata.ui,1.3.1.R201106061540,"org.eclipse.epp.usagedata.ui",1331731558478
activated,workbench,org.eclipse.ui.workbench,3.7.0.I20110519-0100,"",1331731566814
activated,editor,com.android.ide.eclipse.adt,12.0.0.v201106281929-138431,"com.android.ide.eclipse.editors.manifest.ManifestEditor",1331731568475
deactivated,workbench,org.eclipse.ui.workbench,3.7.0.I20110519-0100,"",1331731576633
activated,workbench,org.eclipse.ui.workbench,3.7.0.I20110519-0100,"",1331731578602
deactivated,workbench,org.eclipse.ui.workbench,3.7.0.I20110519-0100,"",1331731581238
activated,workbench,org.eclipse.ui.workbench,3.7.0.I20110519-0100,"",1331731623185
executed,command,org.eclipse.ui,3.7.0.I20110602-0100,"org.eclipse.ui.window.preferences",1331731623291
deactivated,workbench,org.eclipse.ui.workbench,3.7.0.I20110519-0100,"",1331731641956
activated,workbench,org.eclipse.ui.workbench,3.7.0.I20110519-0100,"",1331731648343
closed,workbench,org.eclipse.ui.workbench,3.7.0.I20110519-0100,"",1331731648518
started,bundle,org.eclipse.compare.core,3.5.200.I20110208-0800,"org.eclipse.compare.core",1331731648983
started,bundle,org.eclipse.compare,3.5.201.R37x_v20110817-0800,"org.eclipse.compare",1331731648987
stopped,bundle,org.eclipse.m2e.logback.configuration,1.0.100.20110804-1717,"org.eclipse.m2e.logback.configuration",1331731649095
stopped,bundle,org.eclipse.m2e.discovery,1.0.100.20110804-1717,"org.eclipse.m2e.discovery",1331731649096
stopped,bundle,org.eclipse.m2e.refactoring,1.0.100.20110804-1717,"org.eclipse.m2e.refactoring",1331731649098
stopped,bundle,org.eclipse.m2e.editor,1.0.100.20110804-1717,"org.eclipse.m2e.editor",1331731649099
stopped,bundle,org.eclipse.m2e.editor.xml,1.0.100.20110804-1717,"org.eclipse.m2e.editor.xml",1331731649100
stopped,bundle,org.eclipse.m2e.jdt,1.0.100.20110804-1717,"org.eclipse.m2e.jdt",1331731649101
stopped,bundle,org.eclipse.m2e.launching,1.0.100.20110804-1717,"org.eclipse.m2e.launching",1331731649102
stopped,bundle,org.eclipse.m2e.usagedata,1.0.100.20110804-1717,"org.eclipse.m2e.usagedata",1331731649102
stopped,bundle,com.android.ide.eclipse.adt,12.0.0.v201106281929-138431,"com.android.ide.eclipse.adt",1331731649102
stopped,bundle,org.eclipse.ui.cheatsheets,3.4.100.v20110425,"org.eclipse.ui.cheatsheets",1331731649103
stopped,bundle,org.eclipse.help.ui,3.5.101.r37_20110819,"org.eclipse.help.ui",1331731649104
stopped,bundle,org.eclipse.help.webapp,3.6.0.v20110518,"org.eclipse.help.webapp",1331731649104
stopped,bundle,org.eclipse.epp.mpc.ui,1.1.1.I20110907-0947,"org.eclipse.epp.mpc.ui",1331731649106
stopped,bundle,org.eclipse.epp.usagedata.ui,1.3.1.R201106061540,"org.eclipse.epp.usagedata.ui",1331731649106
stopped,bundle,org.eclipse.ui.intro.universal,3.2.500.v20110510,"org.eclipse.ui.intro.universal",1331731649106
stopped,bundle,org.eclipse.ui.intro,3.4.100.v20110425,"org.eclipse.ui.intro",1331731649106
stopped,bundle,org.eclipse.help.base,3.6.1.v201109091335,"org.eclipse.help.base",1331731649107
stopped,bundle,org.eclipse.equinox.http.jetty,2.0.100.v20110502,"org.eclipse.equinox.http.jetty",1331731649108
stopped,bundle,org.eclipse.m2e.core.ui,1.0.100.20110804-1717,"org.eclipse.m2e.core.ui",1331731649109
stopped,bundle,org.eclipse.m2e.core,1.0.100.20110804-1717,"org.eclipse.m2e.core",1331731649109
stopped,bundle,org.eclipse.mylyn.ide.ant,3.6.0.v20110608-1400,"org.eclipse.mylyn.ide.ant",1331731649110
stopped,bundle,org.eclipse.ant.ui,3.5.100.v20110510,"org.eclipse.ant.ui",1331731649111
stopped,bundle,org.eclipse.ant.launching,1.0.100.v20110506,"org.eclipse.ant.launching",1331731649111
stopped,bundle,org.eclipse.egit.mylyn.ui,1.1.0.201109151100-r,"org.eclipse.egit.mylyn.ui",1331731649112
stopped,bundle,org.eclipse.egit.ui,1.1.0.201109151100-r,"org.eclipse.egit.ui",1331731649115
stopped,bundle,org.eclipse.equinox.p2.ui.sdk,1.0.200.v20110502-1955,"org.eclipse.equinox.p2.ui.sdk",1331731649115
stopped,bundle,org.eclipse.mylyn.java.tasks,3.6.0.v20110608-1400,"org.eclipse.mylyn.java.tasks",1331731649116
stopped,bundle,org.eclipse.mylyn.java.ui,3.6.0.v20110608-1400,"org.eclipse.mylyn.java.ui",1331731649117
stopped,bundle,org.eclipse.jdt.junit,3.7.0.v20110505-0800,"org.eclipse.jdt.junit",1331731649118
stopped,bundle,org.eclipse.jdt.apt.ui,3.3.300.v20110305-1450,"org.eclipse.jdt.apt.ui",1331731649118
stopped,bundle,org.eclipse.jdt.debug.ui,3.6.1.v20110803_r371,"org.eclipse.jdt.debug.ui",1331731649121
stopped,bundle,org.eclipse.wb.swing.databinding,1.1.0.r37x201109091143,"org.eclipse.wb.swing.databinding",1331731649122
stopped,bundle,org.eclipse.wb.core.databinding,1.1.0.r37x201109091012,"org.eclipse.wb.core.databinding",1331731649123
stopped,bundle,org.eclipse.wb.swing.FormLayout,1.1.0.r37x201109091143,"org.eclipse.wb.swing.FormLayout",1331731649124
stopped,bundle,org.eclipse.wb.swing.MigLayout,1.1.0.r37x201109091143,"org.eclipse.wb.swing.MigLayout",1331731649124
stopped,bundle,org.eclipse.wb.swing.java6,1.1.0.r37x201109091143,"org.eclipse.wb.swing.java6",1331731649126
stopped,bundle,org.eclipse.wb.swing.jsr296,1.1.0.r37x201109091143,"org.eclipse.wb.swing.jsr296",1331731649129
stopped,bundle,org.eclipse.wb.swing,1.1.0.r37x201109091143,"org.eclipse.wb.swing",1331731649137
stopped,bundle,org.eclipse.wb.core.ui,1.1.0.r37x201109091028,"org.eclipse.wb.core.ui",1331731649138
stopped,bundle,org.eclipse.wb.layout.group,1.1.0.r37x201109091112,"org.eclipse.wb.layout.group",1331731649141
stopped,bundle,org.eclipse.wb.os.macosx,1.1.0.r37x201109091012,"org.eclipse.wb.os.macosx",1331731649143
stopped,bundle,org.eclipse.wb.core,1.1.0.r37x201109091012,"org.eclipse.wb.core",1331731649167
stopped,bundle,com.android.ide.eclipse.traceview,12.0.0.v201106281929-138431,"com.android.ide.eclipse.traceview",1331731649169
stopped,bundle,org.eclipse.jdt.ui,3.7.1.r371_v20110824-0800,"org.eclipse.jdt.ui",1331731649170
stopped,bundle,org.eclipse.wst.dtd.ui,1.0.600.v201103171359,"org.eclipse.wst.dtd.ui",1331731649173
stopped,bundle,org.eclipse.wst.xsd.ui,1.2.404.v201105050216,"org.eclipse.wst.xsd.ui",1331731649179
stopped,bundle,org.eclipse.wst.xml.ui,1.1.201.v201108151912,"org.eclipse.wst.xml.ui",1331731649186
activated,perspective,org.eclipse.jdt.ui,,"org.eclipse.jdt.ui.JavaPerspective",1331731658500
started,bundle,org.eclipse.osgi,3.7.1.R37x_v20110808-1106,"org.eclipse.osgi",1331731658514
started,bundle,org.eclipse.equinox.simpleconfigurator,1.0.200.v20110502-1955,"org.eclipse.equinox.simpleconfigurator",1331731658515
started,bundle,com.ibm.icu,4.4.2.v20110208,"com.ibm.icu",1331731658516
started,bundle,org.eclipse.core.contenttype,3.4.100.v20110423-0524,"org.eclipse.core.contenttype",1331731658516
started,bundle,org.eclipse.core.databinding.observable,1.4.0.I20110222-0800,"org.eclipse.core.databinding.observable",1331731658517
started,bundle,org.eclipse.core.expressions,3.4.300.v20110228,"org.eclipse.core.expressions",1331731658518
started,bundle,org.eclipse.core.filebuffers,3.5.200.v20110505-0800,"org.eclipse.core.filebuffers",1331731658518
started,bundle,org.eclipse.core.filesystem,1.3.100.v20110423-0524,"org.eclipse.core.filesystem",1331731658521
started,bundle,org.eclipse.core.jobs,3.5.100.v20110404,"org.eclipse.core.jobs",1331731658521
started,bundle,org.eclipse.core.net,1.2.100.I20110511-0800,"org.eclipse.core.net",1331731658522
started,bundle,org.eclipse.core.resources,3.7.100.v20110510-0712,"org.eclipse.core.resources",1331731658523
started,bundle,org.eclipse.core.runtime,3.7.0.v20110110,"org.eclipse.core.runtime",1331731658523
started,bundle,org.eclipse.core.runtime.compatibility,3.2.100.v20100505,"org.eclipse.core.runtime.compatibility",1331731658524
started,bundle,org.eclipse.core.runtime.compatibility.auth,3.2.200.v20110110,"org.eclipse.core.runtime.compatibility.auth",1331731658525
started,bundle,org.eclipse.epp.mpc.ui,1.1.1.I20110907-0947,"org.eclipse.epp.mpc.ui",1331731658526
started,bundle,org.eclipse.epp.usagedata.gathering,1.3.1.R201106061540,"org.eclipse.epp.usagedata.gathering",1331731658526
started,bundle,org.eclipse.epp.usagedata.recording,1.3.1.R201106061540,"org.eclipse.epp.usagedata.recording",1331731658527
started,bundle,org.eclipse.equinox.app,1.3.100.v20110321,"org.eclipse.equinox.app",1331731658527
started,bundle,org.eclipse.equinox.common,3.6.0.v20110523,"org.eclipse.equinox.common",1331731658528
started,bundle,org.eclipse.equinox.ds,1.3.1.R37x_v20110701,"org.eclipse.equinox.ds",1331731658530
started,bundle,org.eclipse.equinox.event,1.2.100.v20110502,"org.eclipse.equinox.event",1331731658531
started,bundle,org.eclipse.equinox.p2.core,2.1.0.v20110502-1955,"org.eclipse.equinox.p2.core",1331731658531
started,bundle,org.eclipse.equinox.p2.directorywatcher,1.0.300.v20110502-1955,"org.eclipse.equinox.p2.directorywatcher",1331731658532
started,bundle,org.eclipse.equinox.p2.engine,2.1.0.v20110511,"org.eclipse.equinox.p2.engine",1331731658533
started,bundle,org.eclipse.equinox.p2.metadata,2.1.0.v20110510,"org.eclipse.equinox.p2.metadata",1331731658533
started,bundle,org.eclipse.equinox.p2.metadata.repository,1.2.0.v20110511-1359,"org.eclipse.equinox.p2.metadata.repository",1331731658534
started,bundle,org.eclipse.equinox.p2.operations,2.1.0.v20110511-1821,"org.eclipse.equinox.p2.operations",1331731658534
started,bundle,org.eclipse.equinox.p2.reconciler.dropins,1.1.100.v20110510,"org.eclipse.equinox.p2.reconciler.dropins",1331731658535
started,bundle,org.eclipse.equinox.p2.repository,2.1.0.v20110601,"org.eclipse.equinox.p2.repository",1331731658535
started,bundle,org.eclipse.equinox.p2.ui.sdk.scheduler,1.0.100.v20110502-1955,"org.eclipse.equinox.p2.ui.sdk.scheduler",1331731658536
started,bundle,org.eclipse.equinox.p2.updatechecker,1.1.200.v20110502-1955,"org.eclipse.equinox.p2.updatechecker",1331731658536
started,bundle,org.eclipse.equinox.preferences,3.4.1.R37x_v20110725,"org.eclipse.equinox.preferences",1331731658537
started,bundle,org.eclipse.equinox.registry,3.5.101.R37x_v20110810-1611,"org.eclipse.equinox.registry",1331731658537
started,bundle,org.eclipse.equinox.security,1.1.1.R37x_v20110822-1018,"org.eclipse.equinox.security",1331731658537
started,bundle,org.eclipse.equinox.util,1.0.300.v20110502,"org.eclipse.equinox.util",1331731658538
started,bundle,org.eclipse.help,3.5.100.v20110426,"org.eclipse.help",1331731658538
started,bundle,org.eclipse.jdt.core,3.7.1.v_B76_R37x,"org.eclipse.jdt.core",1331731658539
started,bundle,org.eclipse.jdt.core.manipulation,1.4.0.v20110505-0800,"org.eclipse.jdt.core.manipulation",1331731658540
started,bundle,org.eclipse.jdt.ui,3.7.1.r371_v20110824-0800,"org.eclipse.jdt.ui",1331731658543
started,bundle,org.eclipse.jface,3.7.0.I20110522-1430,"org.eclipse.jface",1331731658544
started,bundle,org.eclipse.jsch.core,1.1.300.I20110514-0800,"org.eclipse.jsch.core",1331731658544
started,bundle,org.eclipse.ltk.core.refactoring,3.5.201.r371_v20110824-0800,"org.eclipse.ltk.core.refactoring",1331731658545
started,bundle,org.eclipse.ltk.ui.refactoring,3.6.0.v20110505-0800,"org.eclipse.ltk.ui.refactoring",1331731658547
started,bundle,org.eclipse.m2e.logback.configuration,1.0.100.20110804-1717,"org.eclipse.m2e.logback.configuration",1331731658547
started,bundle,org.eclipse.mylyn.bugzilla.core,3.6.2.v20110903-0100,"org.eclipse.mylyn.bugzilla.core",1331731658548
started,bundle,org.eclipse.mylyn.bugzilla.ui,3.6.0.v20110608-1400,"org.eclipse.mylyn.bugzilla.ui",1331731658548
started,bundle,org.eclipse.mylyn.commons.identity,0.8.0.v20110608-1400,"org.eclipse.mylyn.commons.identity",1331731658549
started,bundle,org.eclipse.mylyn.commons.net,3.6.0.v20110608-1400,"org.eclipse.mylyn.commons.net",1331731658549
started,bundle,org.eclipse.mylyn.commons.ui,3.6.1.v20110720-0100,"org.eclipse.mylyn.commons.ui",1331731658550
